{
    "key": "group_673183bf72b56",
    "title": "Settings: Other",
    "fields": [
        {
            "key": "field_673189c4dbc1a",
            "label": "Cookie Pop-Up",
            "name": "",
            "aria-label": "",
            "type": "tab",
            "instructions": "",
            "required": 0,
            "conditional_logic": 0,
            "wrapper": {
                "width": "",
                "class": "",
                "id": ""
            },
            "placement": "top",
            "endpoint": 0,
            "selected": 0
        },
        {
            "key": "field_635c38094afa6",
            "label": "",
            "name": "cookie_popup",
            "aria-label": "",
            "type": "group",
            "instructions": "",
            "required": 0,
            "conditional_logic": 0,
            "wrapper": {
                "width": "",
                "class": "no_label",
                "id": ""
            },
            "wpml_cf_preferences": 2,
            "layout": "block",
            "sub_fields": [
                {
                    "key": "field_635c38224afa8",
                    "label": "Title",
                    "name": "title",
                    "aria-label": "",
                    "type": "text",
                    "instructions": "",
                    "required": 0,
                    "conditional_logic": 0,
                    "wrapper": {
                        "width": "",
                        "class": "",
                        "id": ""
                    },
                    "wpml_cf_preferences": 2,
                    "default_value": "",
                    "maxlength": "",
                    "placeholder": "",
                    "prepend": "",
                    "append": ""
                },
                {
                    "key": "field_635c38274afa9",
                    "label": "Text",
                    "name": "text",
                    "aria-label": "",
                    "type": "wysiwyg",
                    "instructions": "",
                    "required": 0,
                    "conditional_logic": 0,
                    "wrapper": {
                        "width": "",
                        "class": "",
                        "id": ""
                    },
                    "wpml_cf_preferences": 2,
                    "default_value": "",
                    "tabs": "visual",
                    "toolbar": "full",
                    "media_upload": 0,
                    "delay": 0
                },
                {
                    "key": "field_635c383f4afaa",
                    "label": "Button title",
                    "name": "button_title",
                    "aria-label": "",
                    "type": "text",
                    "instructions": "",
                    "required": 0,
                    "conditional_logic": 0,
                    "wrapper": {
                        "width": "",
                        "class": "",
                        "id": ""
                    },
                    "wpml_cf_preferences": 2,
                    "default_value": "",
                    "maxlength": "",
                    "placeholder": "",
                    "prepend": "",
                    "append": ""
                }
            ]
        },
        {
            "key": "field_6731840251d86",
            "label": "Colors",
            "name": "",
            "aria-label": "",
            "type": "tab",
            "instructions": "",
            "required": 0,
            "conditional_logic": 0,
            "wrapper": {
                "width": "",
                "class": "",
                "id": ""
            },
            "placement": "top",
            "endpoint": 0,
            "selected": 0
        },
        {
            "key": "field_6731840f51d87",
            "label": "Favorite Colors",
            "name": "favorite_colors",
            "aria-label": "",
            "type": "repeater",
            "instructions": "",
            "required": 0,
            "conditional_logic": 0,
            "wrapper": {
                "width": "",
                "class": "",
                "id": ""
            },
            "layout": "table",
            "pagination": 0,
            "min": 0,
            "max": 0,
            "collapsed": "",
            "button_label": "Додати колір",
            "rows_per_page": 20,
            "sub_fields": [
                {
                    "key": "field_6731842b51d88",
                    "label": "Колір",
                    "name": "color",
                    "aria-label": "",
                    "type": "color_picker",
                    "instructions": "",
                    "required": 1,
                    "conditional_logic": 0,
                    "wrapper": {
                        "width": "",
                        "class": "",
                        "id": ""
                    },
                    "default_value": "",
                    "enable_opacity": 0,
                    "return_format": "string",
                    "allow_in_bindings": 0,
                    "parent_repeater": "field_6731840f51d87"
                },
                {
                    "key": "field_6731891487d4f",
                    "label": "Увімкнути колір",
                    "name": "enable_color",
                    "aria-label": "",
                    "type": "true_false",
                    "instructions": "",
                    "required": 0,
                    "conditional_logic": 0,
                    "wrapper": {
                        "width": "",
                        "class": "",
                        "id": ""
                    },
                    "message": "",
                    "default_value": 1,
                    "allow_in_bindings": 0,
                    "ui_on_text": "",
                    "ui_off_text": "",
                    "ui": 1,
                    "parent_repeater": "field_6731840f51d87"
                }
            ]
        }
    ],
    "location": [
        [
            {
                "param": "options_page",
                "operator": "==",
                "value": "other"
            }
        ]
    ],
    "menu_order": 1003,
    "position": "normal",
    "style": "seamless",
    "label_placement": "top",
    "instruction_placement": "label",
    "hide_on_screen": "",
    "active": true,
    "description": "",
    "show_in_rest": 0,
    "modified": 1732925283
}
