{
    "key": "group_674a44baa578f",
    "title": "Settings: Footer",
    "fields": [
        {
            "key": "field_674a44baa7284",
            "label": "",
            "name": "footer",
            "aria-label": "",
            "type": "group",
            "instructions": "",
            "required": 0,
            "conditional_logic": 0,
            "wrapper": {
                "width": "",
                "class": "no_label",
                "id": ""
            },
            "wpml_cf_preferences": 2,
            "layout": "block",
            "sub_fields": [
                {
                    "key": "field_674a4bed7c914",
                    "label": "Menu",
                    "name": "menu",
                    "aria-label": "",
                    "type": "nav_menu",
                    "instructions": "",
                    "required": 0,
                    "conditional_logic": 0,
                    "wrapper": {
                        "width": "",
                        "class": "",
                        "id": ""
                    },
                    "save_format": "all",
                    "container": 0,
                    "allow_null": 1,
                    "allow_in_bindings": 0
                },
                {
                    "key": "field_674a44baae0e6",
                    "label": "Copy line",
                    "name": "copy_line",
                    "aria-label": "",
                    "type": "text",
                    "instructions": "",
                    "required": 0,
                    "conditional_logic": 0,
                    "wrapper": {
                        "width": "",
                        "class": "",
                        "id": ""
                    },
                    "wpml_cf_preferences": 2,
                    "default_value": "",
                    "maxlength": "",
                    "placeholder": "",
                    "prepend": "",
                    "append": ""
                }
            ]
        }
    ],
    "location": [
        [
            {
                "param": "options_page",
                "operator": "==",
                "value": "footer"
            }
        ]
    ],
    "menu_order": 1002,
    "position": "normal",
    "style": "seamless",
    "label_placement": "top",
    "instruction_placement": "label",
    "hide_on_screen": "",
    "active": true,
    "description": "",
    "show_in_rest": 0,
    "modified": 1732925239
}
