{
    "key": "group_655ba8e314f28",
    "title": "Overall block settings",
    "fields": [
        {
            "key": "field_655ba8e322d2a",
            "label": "Block margin",
            "name": "",
            "aria-label": "",
            "type": "accordion",
            "instructions": "",
            "required": 0,
            "conditional_logic": 0,
            "wrapper": {
                "width": "",
                "class": "",
                "id": ""
            },
            "wpml_cf_preferences": 0,
            "open": 0,
            "multi_expand": 0,
            "endpoint": 0
        },
        {
            "key": "field_655ba8e322d38",
            "label": "Custom margin bottom",
            "name": "custom_margin_bottom",
            "aria-label": "",
            "type": "true_false",
            "instructions": "",
            "required": 0,
            "conditional_logic": 0,
            "wrapper": {
                "width": "",
                "class": "no_label",
                "id": ""
            },
            "wpml_cf_preferences": 2,
            "message": "",
            "default_value": 0,
            "ui_on_text": "",
            "ui_off_text": "",
            "ui": 1
        },
        {
            "key": "field_655ba8e322d3e",
            "label": "Desktop & Tablet",
            "name": "margin_bottom_desktop_tablet",
            "aria-label": "",
            "type": "range",
            "instructions": "",
            "required": 0,
            "conditional_logic": [
                [
                    {
                        "field": "field_655ba8e322d38",
                        "operator": "==",
                        "value": "1"
                    }
                ]
            ],
            "wrapper": {
                "width": "",
                "class": "",
                "id": ""
            },
            "wpml_cf_preferences": 2,
            "default_value": 80,
            "min": -400,
            "max": 400,
            "step": 1,
            "prepend": "",
            "append": "px"
        },
        {
            "key": "field_655ba8e322d44",
            "label": "Mobile",
            "name": "margin_bottom_mobile",
            "aria-label": "",
            "type": "range",
            "instructions": "",
            "required": 0,
            "conditional_logic": [
                [
                    {
                        "field": "field_655ba8e322d38",
                        "operator": "==",
                        "value": "1"
                    }
                ]
            ],
            "wrapper": {
                "width": "",
                "class": "",
                "id": ""
            },
            "wpml_cf_preferences": 2,
            "default_value": 40,
            "min": -400,
            "max": 400,
            "step": 1,
            "prepend": "",
            "append": "px"
        },
        {
            "key": "field_655ed7988812c",
            "label": "Responsive",
            "name": "",
            "aria-label": "",
            "type": "accordion",
            "instructions": "",
            "required": 0,
            "conditional_logic": 0,
            "wrapper": {
                "width": "",
                "class": "",
                "id": ""
            },
            "wpml_cf_preferences": 0,
            "open": 0,
            "multi_expand": 0,
            "endpoint": 0
        },
        {
            "key": "field_5es3eaf348ca151aff27",
            "label": "Show on",
            "name": "responsive_options",
            "aria-label": "",
            "type": "select",
            "instructions": "",
            "required": 0,
            "conditional_logic": 0,
            "wrapper": {
                "width": "",
                "class": "",
                "id": ""
            },
            "wpml_cf_preferences": 2,
            "choices": {
                "desktop_tablet": "Desktop & Tablet",
                "mobile": "Mobile"
            },
            "default_value": [
                "desktop_tablet",
                "mobile"
            ],
            "return_format": "value",
            "multiple": 1,
            "allow_null": 0,
            "ui": 1,
            "ajax": 0,
            "placeholder": ""
        },
        {
            "key": "field_655e929a93ff5",
            "label": "Anchor",
            "name": "",
            "aria-label": "",
            "type": "accordion",
            "instructions": "",
            "required": 0,
            "conditional_logic": 0,
            "wrapper": {
                "width": "",
                "class": "",
                "id": ""
            },
            "wpml_cf_preferences": 0,
            "open": 0,
            "multi_expand": 0,
            "endpoint": 0
        },
        {
            "key": "field_655e92a693ff6",
            "label": "",
            "name": "anchor",
            "aria-label": "",
            "type": "text",
            "instructions": "",
            "required": 0,
            "conditional_logic": 0,
            "wrapper": {
                "width": "",
                "class": "no_label",
                "id": ""
            },
            "wpml_cf_preferences": 2,
            "default_value": "",
            "maxlength": "",
            "placeholder": "",
            "prepend": "",
            "append": ""
        }
    ],
    "location": [
        [
            {
                "param": "block",
                "operator": "==",
                "value": "all"
            }
        ]
    ],
    "menu_order": 199,
    "position": "normal",
    "style": "default",
    "label_placement": "top",
    "instruction_placement": "label",
    "hide_on_screen": "",
    "active": true,
    "description": "",
    "show_in_rest": 0,
    "modified": 1709240316
}
