{
    "key": "group_666b103305dce",
    "title": "Block: Pattern",
    "fields": [
        {
            "key": "field_666b14e61545d",
            "label": "Pattern",
            "name": "",
            "aria-label": "",
            "type": "accordion",
            "instructions": "",
            "required": 0,
            "conditional_logic": 0,
            "wrapper": {
                "width": "",
                "class": "",
                "id": ""
            },
            "open": 0,
            "multi_expand": 0,
            "endpoint": 0
        },
        {
            "key": "field_666b14974af76",
            "label": "",
            "name": "pattern",
            "aria-label": "",
            "type": "post_object",
            "instructions": "",
            "required": 0,
            "conditional_logic": 0,
            "wrapper": {
                "width": "",
                "class": "no_label",
                "id": ""
            },
            "wpml_cf_preferences": 2,
            "post_type": [
                "patterns"
            ],
            "post_status": [
                "publish"
            ],
            "taxonomy": "",
            "return_format": "id",
            "multiple": 0,
            "allow_null": 1,
            "bidirectional": 0,
            "ui": 1,
            "bidirectional_target": []
        }
    ],
    "location": [
        [
            {
                "param": "block",
                "operator": "==",
                "value": "acf\/logical-pattern"
            }
        ]
    ],
    "menu_order": 191,
    "position": "normal",
    "style": "default",
    "label_placement": "top",
    "instruction_placement": "label",
    "hide_on_screen": "",
    "active": true,
    "description": "",
    "show_in_rest": 0,
    "modified": 1732924177
}
